filename,name,gender,age,height,weight,bmi,frequency
1,lyn,f,29,171,52,17.7832,1.4323144104803447
2,brian,m,21,178,54,17.0433,1.3743739565943187
3,ray,m,24,170,58,20.0692,1.5180522565320658
4,mandy,f,31,160,52,20.3125,1.6317626527050635
